trace_name,station,true_s_sample,raw_s_peak_count,max_s_sample,max_s_probability,nearest_raw_s_sample,nearest_raw_s_probability,nearest_raw_s_error_samples,nearest_raw_s_abs_error_s,nearest_raw_s_within_near_samples,normal_picker_s_sample,normal_picker_s_error_samples,normal_picker_s_abs_error_s
KUNI.HE_20250228104238_HH_EV,KUNI,4052,1,4063,0.3858463764190674,4063,0.3858463764190674,-11,0.11,True,,,
SUF.HE_20250207114015_HH_EV,SUF,2020,1,1994,0.14132332801818848,1994,0.14132332801818848,26,0.26,True,,,
MSF.FN_20250207114049_HH_EV,MSF,4218,1,4281,0.16644182801246643,4281,0.16644182801246643,-63,0.63,False,,,
FIA0.HE_20250113121107_HH_EV,FIA0,4258,1,4483,0.3996785581111908,4483,0.3996785581111908,-225,2.25,False,4483,,
OBF0.HE_20250123123152_HH_EV,OBF0,5242,1,5207,0.17150744795799255,5207,0.17150744795799255,35,0.35,True,,,
KU6.HE_20250216194911_HH_EV,KU6,2401,1,2397,0.18520355224609375,2397,0.18520355224609375,4,0.04,True,,,
KEF.HE_20250110110134_HH_EV,KEF,4213,1,4211,0.28211599588394165,4211,0.28211599588394165,2,0.02,True,4211,2,0.02
OLKF.FN_20250203120856_HH_EV,OLKF,3354,1,3353,0.15414902567863464,3353,0.15414902567863464,1,0.01,True,,,
VRF.HE_20250113201251_HH_EV,VRF,2856,1,2845,0.273914098739624,2845,0.273914098739624,11,0.11,True,,,
RUF.HE_20250227123553_HH_EV,RUF,5479,1,5423,0.22173410654067993,5423,0.22173410654067993,56,0.56,False,,,
FIA0.HE_20250221130318_HH_EV,FIA0,4364,0,4403,0.09842643141746521,,,,,False,,,
KAF.HE_20250221130312_HH_EV,KAF,3290,1,3347,0.20653635263442993,3347,0.20653635263442993,-57,0.57,False,,,
VRF.HE_20250220190407_HH_EV,VRF,3715,0,3823,0.09410455822944641,,,,,False,,,
KEF.HE_20250127105748_HH_EV,KEF,4519,1,4464,0.17242926359176636,4464,0.17242926359176636,55,0.55,False,,,
KEF.HE_20250122115412_HH_EV,KEF,5151,1,5330,0.1508774757385254,5330,0.1508774757385254,-179,1.79,False,,,
MEF.HE_20250226124008_HH_EV,MEF,4789,1,4856,0.2839912176132202,4856,0.2839912176132202,-67,0.67,False,4856,,
VAF.HE_20250116113758_HH_EV,VAF,4581,1,4556,0.21934452652931213,4556,0.21934452652931213,25,0.25,True,4556,,
NIF.HE_20250205131249_HH_EV,NIF,5437,0,5999,0.05583259463310242,,,,,False,,,
RUF.HE_20250126084916_HH_EV,RUF,4515,1,4528,0.1961681842803955,4528,0.1961681842803955,-13,0.13,True,,,
OBF8.HE_20250103114146_HH_EV,OBF8,5227,1,5158,0.14639496803283691,5158,0.14639496803283691,69,0.69,False,,,
VRF.HE_20250214200511_HH_EV,VRF,4352,1,4334,0.2322070300579071,4334,0.2322070300579071,18,0.18,True,4334,,
KEV.HE_20250113200558_HH_EV,KEV,5416,1,4499,0.10941103100776672,4499,0.10941103100776672,917,9.17,False,,,
VJF.HE_20250220121352_HH_EV,VJF,4866,1,4960,0.1779363751411438,4960,0.1779363751411438,-94,0.94,False,,,
TVF.HE_20250130113123_HH_EV,TVF,5345,0,5999,0.09392616152763367,,,,,False,,,
HEF.HE_20250213122004_HH_EV,HEF,3282,1,3278,0.2195982038974762,3278,0.2195982038974762,4,0.04,True,,,
VJF.HE_20250224114616_HH_EV,VJF,5121,0,4855,0.07825347781181335,,,,,False,,,
MSF.FN_20250201201404_HH_EV,MSF,4821,1,4790,0.22053301334381104,4790,0.22053301334381104,31,0.31,True,,,
KU6.HE_20250214131809_HH_EV,KU6,3100,1,3121,0.2258196473121643,3121,0.2258196473121643,-21,0.21,True,3121,,
RANF.FN_20250124104730_HH_EV,RANF,4366,1,4464,0.2233045995235443,4464,0.2233045995235443,-98,0.98,False,4464,,
MEF.HE_20250214123031_HH_EV,MEF,1291,1,1282,0.494680792093277,1282,0.494680792093277,9,0.09,True,1282,9,0.09
KPF.HE_20250130093902_HH_EV,KPF,3749,1,3789,0.2000216841697693,3789,0.2000216841697693,-40,0.4,True,3789,,
RNF.FN_20250217121444_HH_EV,RNF,5128,1,4583,0.1383676826953888,4583,0.1383676826953888,545,5.45,False,,,
RUF.HE_20250205125715_HH_EV,RUF,4367,1,4265,0.17235040664672852,4265,0.17235040664672852,102,1.02,False,,,
VAF.HE_20250113121215_HH_EV,VAF,3864,1,3854,0.2187795639038086,3854,0.2187795639038086,10,0.1,True,,,
LAUT.HE_20250224120016_HH_EV,LAUT,4908,1,4882,0.494680792093277,4882,0.494680792093277,26,0.26,True,4882,26,0.26
RUF.HE_20250228103904_HH_EV,RUF,3426,1,3439,0.11446163058280945,3439,0.11446163058280945,-13,0.13,True,,,
RANF.FN_20250215201753_HH_EV,RANF,5176,0,4915,0.06647956371307373,,,,,False,,,
KPF.HE_20250205105330_HH_EV,KPF,4784,1,4836,0.174471914768219,4836,0.174471914768219,-52,0.52,False,,,
FIA0.HE_20250110102448_HH_EV,FIA0,2926,1,2930,0.3792803883552551,2930,0.3792803883552551,-4,0.04,True,2930,-4,0.04
RAF.HE_20250226124343_HH_EV,RAF,3745,1,3818,0.26548877358436584,3818,0.26548877358436584,-73,0.73,False,3818,,
SUF.HE_20250219110240_HH_EV,SUF,5034,1,5007,0.17128288745880127,5007,0.17128288745880127,27,0.27,True,,,
RNF.FN_20250108090557_HH_EV,RNF,4251,1,4322,0.15769001841545105,4322,0.15769001841545105,-71,0.71,False,,,
RNF.FN_20250206170115_HH_EV,RNF,5326,1,5852,0.12029379606246948,5852,0.12029379606246948,-526,5.26,False,,,
VAF.HE_20250107113215_HH_EV,VAF,3783,1,3830,0.2252364158630371,3830,0.2252364158630371,-47,0.47,True,,,
HEL5.HE_20250129150013_HH_EV,HEL5,4884,1,4993,0.1687009632587433,4993,0.1687009632587433,-109,1.09,False,,,
RAF.HE_20250107124246_HH_EV,RAF,3803,1,3829,0.31928613781929016,3829,0.31928613781929016,-26,0.26,True,3829,-26,0.26
VAF.HE_20250205005239_HH_EV,VAF,3783,1,4009,0.15417206287384033,4009,0.15417206287384033,-226,2.26,False,,,
RAJF.FN_20250104201823_HH_EV,RAJF,3404,1,3416,0.1401245892047882,3416,0.1401245892047882,-12,0.12,True,,,
VJF.HE_20250122115428_HH_EV,VJF,4475,1,4534,0.12813177704811096,4534,0.12813177704811096,-59,0.59,False,,,
KAF.HE_20250114113718_HH_EV,KAF,4406,1,4455,0.1558322012424469,4455,0.1558322012424469,-49,0.49,True,,,
KUNI.HE_20250122131016_HH_EV,KUNI,3136,1,3130,0.494680792093277,3130,0.494680792093277,6,0.06,True,3130,6,0.06
NUR.HE_20250110100056_HH_EV,NUR,2802,1,2838,0.2893097400665283,2838,0.2893097400665283,-36,0.36,True,2838,,
RNF.FN_20250220200600_HH_EV,RNF,5435,2,5403,0.11106482148170471,5403,0.11106482148170471,32,0.32,True,,,
VAF.HE_20250220150740_HH_EV,VAF,5394,1,5045,0.15157392621040344,5045,0.15157392621040344,349,3.49,False,,,
LAUT.HE_20250129082455_HH_EV,LAUT,3702,1,3819,0.23616427183151245,3819,0.23616427183151245,-117,1.17,False,3819,,
RAF.HE_20250116113116_HH_EV,RAF,5168,1,5126,0.19179439544677734,5126,0.19179439544677734,42,0.42,True,,,
RAF.HE_20250116104429_HH_EV,RAF,3103,1,3113,0.47154971957206726,3113,0.47154971957206726,-10,0.1,True,3113,-10,0.1
VJF.HE_20250102091636_HH_EV,VJF,4730,2,4705,0.14189335703849792,4705,0.14189335703849792,25,0.25,True,,,
LAUT.HE_20250219112921_HH_EV,LAUT,5024,1,5019,0.4905199706554413,5019,0.4905199706554413,5,0.05,True,5019,5,0.05
OUF.HE_20250205121433_HH_EV,OUF,5088,1,5110,0.3716263771057129,5110,0.3716263771057129,-22,0.22,True,5110,-22,0.22
SUF.HE_20250110115110_HH_EV,SUF,5456,1,5407,0.16034525632858276,5407,0.16034525632858276,49,0.49,True,,,
HEL5.HE_20250207121747_HH_EV,HEL5,4927,2,4915,0.1927916705608368,4915,0.1927916705608368,12,0.12,True,,,
KUNI.HE_20250121124817_HH_EV,KUNI,2916,1,2936,0.4920088052749634,2936,0.4920088052749634,-20,0.2,True,2936,-20,0.2
JOF.HE_20250228124249_HH_EV,JOF,5101,1,5085,0.11368492245674133,5085,0.11368492245674133,16,0.16,True,,,
KPF.HE_20250221130320_HH_EV,KPF,3707,0,3695,0.05266574025154114,,,,,False,,,
RANF.FN_20250128002831_HH_EV,RANF,5079,1,5068,0.10188013315200806,5068,0.10188013315200806,11,0.11,True,,,
RUF.HE_20250124140824_HH_EV,RUF,3973,1,3917,0.1921457052230835,3917,0.1921457052230835,56,0.56,False,,,
KAF.HE_20250113110116_HH_EV,KAF,4734,1,4759,0.15204265713691711,4759,0.15204265713691711,-25,0.25,True,,,
AAL.UP_20250122120809_HH_EV,AAL,4678,1,4751,0.25066930055618286,4751,0.25066930055618286,-73,0.73,False,4751,,
TOF.HE_20250227114836_HH_EV,TOF,2977,1,2926,0.12147033214569092,2926,0.12147033214569092,51,0.51,False,,,
ALAJF.HE_20250225101758_HH_EV,ALAJF,4744,1,5068,0.22630846500396729,5068,0.22630846500396729,-324,3.24,False,5068,,
ALAJF.HE_20250107142653_HH_EV,ALAJF,3663,1,3679,0.2948334217071533,3679,0.2948334217071533,-16,0.16,True,3679,-16,0.16
VJF.HE_20250131090133_HH_EV,VJF,3445,1,3428,0.49425017833709717,3428,0.49425017833709717,17,0.17,True,3428,17,0.17
OUL.FN_20250219124505_HH_EV,OUL,2409,1,2485,0.35040563344955444,2485,0.35040563344955444,-76,0.76,False,2485,,
RNF.FN_20250221200536_HH_EV,RNF,5285,1,5199,0.2230777144432068,5199,0.2230777144432068,86,0.86,False,,,
MSF.FN_20250131091828_HH_EV,MSF,5405,1,5401,0.10132059454917908,5401,0.10132059454917908,4,0.04,True,,,
OBF8.HE_20250214094723_HH_EV,OBF8,4955,1,4906,0.15729916095733643,4906,0.15729916095733643,49,0.49,True,,,
RANF.FN_20250219124512_HH_EV,RANF,2516,1,2509,0.3795536458492279,2509,0.3795536458492279,7,0.07,True,2509,7,0.07
MSF.FN_20250226122036_HH_EV,MSF,4869,1,4911,0.22444477677345276,4911,0.22444477677345276,-42,0.42,True,,,
KEV.HE_20250128200723_HH_EV,KEV,4995,1,5041,0.11935830116271973,5041,0.11935830116271973,-46,0.46,True,,,
LAUT.HE_20250113135546_HH_EV,LAUT,1874,2,1872,0.494680792093277,1872,0.494680792093277,2,0.02,True,1872,2,0.02
HEL5.HE_20250213105503_HH_EV,HEL5,3279,0,3086,0.07277891039848328,,,,,False,,,
RAF.HE_20250207091621_HH_EV,RAF,4420,1,4419,0.18681690096855164,4419,0.18681690096855164,1,0.01,True,,,
RAJF.FN_20250218002354_HH_EV,RAJF,5308,1,4959,0.10124453902244568,4959,0.10124453902244568,349,3.49,False,,,
RMF.HE_20250113110058_HH_EV,RMF,2139,1,2126,0.2087702453136444,2126,0.2087702453136444,13,0.13,True,,,
KAF.HE_20250225101732_HH_EV,KAF,5248,1,5331,0.17619159817695618,5331,0.17619159817695618,-83,0.83,False,,,
FIA0.HE_20250114135750_HH_EV,FIA0,3484,1,3664,0.1144571602344513,3664,0.1144571602344513,-180,1.8,False,,,
RAJF.FN_20250221131902_HH_EV,RAJF,4526,1,4423,0.21026328206062317,4423,0.21026328206062317,103,1.03,False,4423,,
KIF.HE_20250129111549_HH_EV,KIF,3990,1,4023,0.23554271459579468,4023,0.23554271459579468,-33,0.33,True,4023,,
LAUT.HE_20250205130009_HH_EV,LAUT,4363,1,4367,0.4887065291404724,4367,0.4887065291404724,-4,0.04,True,4367,-4,0.04
RAJF.FN_20250213075026_HH_EV,RAJF,4042,1,4028,0.22685590386390686,4028,0.22685590386390686,14,0.14,True,4028,,
OLKF.FN_20250221131900_HH_EV,OLKF,4964,1,5013,0.2578319311141968,5013,0.2578319311141968,-49,0.49,True,5013,,
HEL5.HE_20250212112857_HH_EV,HEL5,3141,1,3153,0.36408430337905884,3153,0.36408430337905884,-12,0.12,True,3153,-12,0.12
KAF.HE_20250124115403_HH_EV,KAF,4893,1,4473,0.19207698106765747,4473,0.19207698106765747,420,4.2,False,4473,,
OUF.HE_20250206115537_HH_EV,OUF,4583,1,4688,0.22486889362335205,4688,0.22486889362335205,-105,1.05,False,,,
JOF.HE_20250216194923_HH_EV,JOF,3170,1,3176,0.11278066039085388,3176,0.11278066039085388,-6,0.06,True,,,
LAUT.HE_20250206140152_HH_EV,LAUT,1632,1,1653,0.49336206912994385,1653,0.49336206912994385,-21,0.21,True,1653,-21,0.21
AAL.UP_20250127110000_HH_EV,AAL,2199,0,2751,0.09800305962562561,,,,,False,,,
HEL5.HE_20250212102500_HH_EV,HEL5,4220,1,4181,0.47056663036346436,4181,0.47056663036346436,39,0.39,True,4181,,
TVF.HE_20250116091900_HH_EV,TVF,2853,1,2869,0.22060760855674744,2869,0.22060760855674744,-16,0.16,True,2869,,
KU6.HE_20250105201441_HH_EV,KU6,4273,1,4042,0.2035629153251648,4042,0.2035629153251648,231,2.31,False,,,
VAF.HE_20250116114217_HH_EV,VAF,3795,1,3919,0.24304503202438354,3919,0.24304503202438354,-124,1.24,False,3919,,
FIA0.HE_20250131090204_HH_EV,FIA0,2865,1,2857,0.2841627299785614,2857,0.2841627299785614,8,0.08,True,2857,8,0.08
KEF.HE_20250129115635_HH_EV,KEF,5032,1,5065,0.247228741645813,5065,0.247228741645813,-33,0.33,True,,,
RAF.HE_20250225121849_HH_EV,RAF,2662,1,2675,0.31649380922317505,2675,0.31649380922317505,-13,0.13,True,2675,-13,0.13
OBF0.HE_20250110124812_HH_EV,OBF0,3282,1,3387,0.13940048217773438,3387,0.13940048217773438,-105,1.05,False,,,
LAUT.HE_20250217152740_HH_EV,LAUT,4598,1,4580,0.4404873549938202,4580,0.4404873549938202,18,0.18,True,4580,18,0.18
FIA0.HE_20250212115928_HH_EV,FIA0,3489,1,3390,0.20781224966049194,3390,0.20781224966049194,99,0.99,False,3390,,
KEF.HE_20250127135247_HH_EV,KEF,4348,1,4482,0.22767826914787292,4482,0.22767826914787292,-134,1.34,False,4482,,
VUOS.HE_20250204142655_HH_EV,VUOS,4595,1,4579,0.1841435432434082,4579,0.1841435432434082,16,0.16,True,,,
KAF.HE_20250212115917_HH_EV,KAF,4087,1,4108,0.2278752624988556,4108,0.2278752624988556,-21,0.21,True,4108,,
LAUT.HE_20250211132820_HH_EV,LAUT,2995,1,3139,0.389821857213974,3139,0.389821857213974,-144,1.44,False,3139,,
FIA1.HE_20250114135755_HH_EV,FIA1,3044,1,3231,0.12647628784179688,3231,0.12647628784179688,-187,1.87,False,,,
HEF.HE_20250225123244_HH_EV,HEF,5224,1,5313,0.1117522120475769,5313,0.1117522120475769,-89,0.89,False,,,
KPF.HE_20250113125837_HH_EV,KPF,2673,0,2654,0.05899277329444885,,,,,False,,,
LAUT.HE_20250127124312_HH_EV,LAUT,4147,1,4156,0.49466925859451294,4156,0.49466925859451294,-9,0.09,True,4156,-9,0.09
VJF.HE_20250124114131_HH_EV,VJF,2514,1,2511,0.31883642077445984,2511,0.31883642077445984,3,0.03,True,2511,3,0.03
MEF.HE_20250227085938_HH_EV,MEF,3162,1,3138,0.4945136606693268,3138,0.4945136606693268,24,0.24,True,3138,24,0.24
HEL1.HE_20250110110057_HH_EV,HEL1,3014,1,3034,0.1381290853023529,3034,0.1381290853023529,-20,0.2,True,,,
RAF.HE_20250204124540_HH_EV,RAF,4838,1,4981,0.1743031144142151,4981,0.1743031144142151,-143,1.43,False,,,
MEF.HE_20250220092104_HH_EV,MEF,2907,1,2937,0.244064599275589,2937,0.244064599275589,-30,0.3,True,2937,,
RAF.HE_20250113125829_HH_EV,RAF,4184,1,4190,0.18528690934181213,4190,0.18528690934181213,-6,0.06,True,4190,-6,0.06
OUL.FN_20250108120159_HH_EV,OUL,2724,1,2702,0.17644193768501282,2702,0.17644193768501282,22,0.22,True,,,
KEV.HE_20250219000547_HH_EV,KEV,4810,1,4799,0.2474256455898285,4799,0.2474256455898285,11,0.11,True,4799,11,0.11
VAF.HE_20250206084843_HH_EV,VAF,4252,1,4348,0.1921592652797699,4348,0.1921592652797699,-96,0.96,False,4348,,
KU6.HE_20250226122045_HH_EV,KU6,4910,0,4777,0.06873482465744019,,,,,False,,,
KAF.HE_20250130105937_HH_EV,KAF,4770,1,4766,0.24852630496025085,4766,0.24852630496025085,4,0.04,True,4766,4,0.04
AAL.UP_20250117130355_HH_EV,AAL,4915,1,4885,0.1890924870967865,4885,0.1890924870967865,30,0.3,True,,,
MEF.HE_20250227154158_HH_EV,MEF,2217,1,2226,0.494680792093277,2226,0.494680792093277,-9,0.09,True,2226,-9,0.09
KUNI.HE_20250219152749_HH_EV,KUNI,3829,2,3872,0.1275760531425476,3825,0.11189809441566467,4,0.04,True,,,
RAF.HE_20250204114535_HH_EV,RAF,1793,1,1790,0.4589645266532898,1790,0.4589645266532898,3,0.03,True,1790,3,0.03
KEV.HE_20250207131214_HH_EV,KEV,3732,1,3767,0.19197890162467957,3767,0.19197890162467957,-35,0.35,True,,,
RAJF.FN_20250217200526_HH_EV,RAJF,4510,1,4501,0.2629198431968689,4501,0.2629198431968689,9,0.09,True,4501,9,0.09
AAL.UP_20250116104429_HH_EV,AAL,5327,1,5320,0.24698364734649658,5320,0.24698364734649658,7,0.07,True,,,
OUF.HE_20250110124817_HH_EV,OUF,3456,1,3483,0.16810235381126404,3483,0.16810235381126404,-27,0.27,True,,,
MEF.HE_20250122131034_HH_EV,MEF,2126,1,2161,0.4426264762878418,2161,0.4426264762878418,-35,0.35,True,2161,,
KEF.HE_20250227101954_HH_EV,KEF,4179,1,4311,0.1450555920600891,4311,0.1450555920600891,-132,1.32,False,,,
NUR.HE_20250219114023_HH_EV,NUR,3881,2,3859,0.11850711703300476,3859,0.11850711703300476,22,0.22,True,,,
RNF.FN_20250109100335_HH_EV,RNF,5429,1,5397,0.12681177258491516,5397,0.12681177258491516,32,0.32,True,,,
MEF.HE_20250204142643_HH_EV,MEF,5187,1,5176,0.494680792093277,5176,0.494680792093277,11,0.11,True,5176,11,0.11
NUR.HE_20250203142831_HH_EV,NUR,4612,1,4584,0.198308527469635,4584,0.198308527469635,28,0.28,True,,,
KPF.HE_20250124114126_HH_EV,KPF,5052,1,5041,0.29457277059555054,5041,0.29457277059555054,11,0.11,True,5041,11,0.11
RAJF.FN_20250131114613_HH_EV,RAJF,3995,1,4008,0.19470566511154175,4008,0.19470566511154175,-13,0.13,True,,,
HEL5.HE_20250113140121_HH_EV,HEL5,1461,1,1441,0.48943376541137695,1441,0.48943376541137695,20,0.2,True,1441,20,0.2
KPF.HE_20250220114643_HH_EV,KPF,4850,1,4855,0.15445184707641602,4855,0.15445184707641602,-5,0.05,True,,,
OUF.HE_20250225132007_HH_EV,OUF,4854,1,5009,0.20394352078437805,5009,0.20394352078437805,-155,1.55,False,5009,,
FIA0.HE_20250205125803_HH_EV,FIA0,3323,1,3342,0.13647764921188354,3342,0.13647764921188354,-19,0.19,True,,,
FIA0.HE_20250227100127_HH_EV,FIA0,4873,1,4758,0.22030165791511536,4758,0.22030165791511536,115,1.15,False,,,
RAJF.FN_20250215162151_HH_EV,RAJF,5342,1,5359,0.14632904529571533,5359,0.14632904529571533,-17,0.17,True,,,
HEL1.HE_20250110100028_HH_EV,HEL1,4926,2,1686,0.2650044560432434,4954,0.1842014491558075,-28,0.28,True,1686,,
TOF.HE_20250226131818_HH_EV,TOF,4125,1,4098,0.17209473252296448,4098,0.17209473252296448,27,0.27,True,,,
TOF.HE_20250129121223_HH_EV,TOF,2264,0,2231,0.05966979265213013,,,,,False,,,
RAJF.FN_20250207160303_HH_EV,RAJF,3454,1,3416,0.10276442766189575,3416,0.10276442766189575,38,0.38,True,,,
KLF.FN_20250116120607_HH_EV,KLF,4264,1,4342,0.19697511196136475,4342,0.19697511196136475,-78,0.78,False,,,
AAL.UP_20250211141126_HH_EV,AAL,3092,1,3230,0.24900826811790466,3230,0.24900826811790466,-138,1.38,False,3230,,
KU6.HE_20250104110634_HH_EV,KU6,5327,1,5177,0.14383935928344727,5177,0.14383935928344727,150,1.5,False,,,
LAUT.HE_20250219135953_HH_EV,LAUT,1831,1,1818,0.494680792093277,1818,0.494680792093277,13,0.13,True,1818,13,0.13
SUF.HE_20250131081742_HH_EV,SUF,4208,1,4213,0.1847069263458252,4213,0.1847069263458252,-5,0.05,True,,,
RAF.HE_20250220114716_HH_EV,RAF,2993,1,3027,0.18002831935882568,3027,0.18002831935882568,-34,0.34,True,,,
KEV.HE_20250208130735_HH_EV,KEV,5076,0,5198,0.0864710807800293,,,,,False,,,
KEF.HE_20250220135600_HH_EV,KEF,3081,1,3115,0.23976045846939087,3115,0.23976045846939087,-34,0.34,True,,,
KAF.HE_20250224202235_HH_EV,KAF,3208,1,3379,0.1297411322593689,3379,0.1297411322593689,-171,1.71,False,,,
VRF.HE_20250224060551_HH_EV,VRF,3433,1,3439,0.1676330864429474,3439,0.1676330864429474,-6,0.06,True,,,
NUR.HE_20250120113756_HH_EV,NUR,1007,1,1083,0.11361446976661682,1083,0.11361446976661682,-76,0.76,False,,,
KUNI.HE_20250129113203_HH_EV,KUNI,4614,1,4660,0.24989551305770874,4660,0.24989551305770874,-46,0.46,True,4660,,
KLF.FN_20250206090233_HH_EV,KLF,4123,1,4201,0.1258399784564972,4201,0.1258399784564972,-78,0.78,False,,,
RANF.FN_20250228131517_HH_EV,RANF,5186,1,5321,0.22815820574760437,5321,0.22815820574760437,-135,1.35,False,5321,,
ALAJF.HE_20250204125949_HH_EV,ALAJF,3358,1,3514,0.2203982174396515,3514,0.2203982174396515,-156,1.56,False,,,
NUR.HE_20250226130021_HH_EV,NUR,1972,1,1971,0.38713380694389343,1971,0.38713380694389343,1,0.01,True,1971,1,0.01
KIF.HE_20250226122055_HH_EV,KIF,5022,0,5999,0.15265625715255737,,,,,False,,,
KEV.HE_20250215162207_HH_EV,KEV,4103,1,4071,0.22527861595153809,4071,0.22527861595153809,32,0.32,True,4071,,
RNF.FN_20250103202953_HH_EV,RNF,5184,1,5225,0.2033882737159729,5225,0.2033882737159729,-41,0.41,True,,,
RANF.FN_20250221131234_HH_EV,RANF,4262,1,4289,0.1895134449005127,4289,0.1895134449005127,-27,0.27,True,,,
KAF.HE_20250115130000_HH_EV,KAF,3828,1,3958,0.163397878408432,3958,0.163397878408432,-130,1.3,False,,,
HEL5.HE_20250213150732_HH_EV,HEL5,4565,1,4564,0.4939322769641876,4564,0.4939322769641876,1,0.01,True,4564,1,0.01
FIA0.HE_20250123115158_HH_EV,FIA0,3579,1,3570,0.16775786876678467,3570,0.16775786876678467,9,0.09,True,,,
KPF.HE_20250123120422_HH_EV,KPF,2966,1,3022,0.1631297767162323,3022,0.1631297767162323,-56,0.56,False,,,
HEL1.HE_20250224154202_HH_EV,HEL1,2499,1,2510,0.49463021755218506,2510,0.49463021755218506,-11,0.11,True,2510,-11,0.11
HEL5.HE_20250131125610_HH_EV,HEL5,4675,1,4692,0.3129056692123413,4692,0.3129056692123413,-17,0.17,True,4692,-17,0.17
LAUT.HE_20250214122606_HH_EV,LAUT,1409,1,1406,0.494680792093277,1406,0.494680792093277,3,0.03,True,1406,3,0.03
OUL.FN_20250227120422_HH_EV,OUL,4336,1,4356,0.19048792123794556,4356,0.19048792123794556,-20,0.2,True,,,
FIA0.HE_20250207121735_HH_EV,FIA0,1829,1,1887,0.30027711391448975,1887,0.30027711391448975,-58,0.58,False,1887,,
KUNI.HE_20250127124307_HH_EV,KUNI,4851,1,4854,0.47340306639671326,4854,0.47340306639671326,-3,0.03,True,4854,-3,0.03
NUR.HE_20250211091442_HH_EV,NUR,3501,1,3433,0.27376848459243774,3433,0.27376848459243774,68,0.68,False,3433,,
KU6.HE_20250225235435_HH_EV,KU6,4596,1,4591,0.18558281660079956,4591,0.18558281660079956,5,0.05,True,,,
OBF8.HE_20250103123029_HH_EV,OBF8,3842,1,4016,0.184724360704422,4016,0.184724360704422,-174,1.74,False,,,
RAJF.FN_20250104131536_HH_EV,RAJF,4030,1,4097,0.18024596571922302,4097,0.18024596571922302,-67,0.67,False,,,
VJF.HE_20250122090228_HH_EV,VJF,1938,1,1956,0.494680792093277,1956,0.494680792093277,-18,0.18,True,1956,,
SUF.HE_20250220073008_HH_EV,SUF,3208,1,3309,0.27591001987457275,3309,0.27591001987457275,-101,1.01,False,3309,,
RANF.FN_20250123113357_HH_EV,RANF,4470,1,4402,0.235606849193573,4402,0.235606849193573,68,0.68,False,4402,,
OBF0.HE_20250110090242_HH_EV,OBF0,4659,1,4735,0.19172152876853943,4735,0.19172152876853943,-76,0.76,False,4735,,
OBF3.HE_20250116112432_HH_EV,OBF3,3332,1,3385,0.2731966972351074,3385,0.2731966972351074,-53,0.53,False,3385,,
VRF.HE_20250209160622_HH_EV,VRF,4282,0,5999,0.08533352613449097,,,,,False,,,
JOF.HE_20250121121852_HH_EV,JOF,4807,1,4934,0.1559027135372162,4934,0.1559027135372162,-127,1.27,False,,,
KEF.HE_20250227123617_HH_EV,KEF,4798,1,4757,0.17884978652000427,4757,0.17884978652000427,41,0.41,True,,,
VJF.HE_20250124115346_HH_EV,VJF,3590,1,3592,0.3760371506214142,3592,0.3760371506214142,-2,0.02,True,3592,-2,0.02
OLKF.FN_20250113123027_HH_EV,OLKF,4428,1,4404,0.16723021864891052,4404,0.16723021864891052,24,0.24,True,,,
KEV.HE_20250125102553_HH_EV,KEV,4876,1,5134,0.13893169164657593,5134,0.13893169164657593,-258,2.58,False,,,
RAF.HE_20250116110700_HH_EV,RAF,3515,0,3692,0.07284289598464966,,,,,False,,,
KIF.HE_20250122045310_HH_EV,KIF,5393,1,5582,0.15169531106948853,5582,0.15169531106948853,-189,1.89,False,,,
KAF.HE_20250225134836_HH_EV,KAF,4284,1,4462,0.1479039490222931,4462,0.1479039490222931,-178,1.78,False,,,
HEL5.HE_20250220155542_HH_EV,HEL5,2363,1,2354,0.4911457598209381,2354,0.4911457598209381,9,0.09,True,2354,9,0.09
OUF.HE_20250212103916_HH_EV,OUF,3633,1,3635,0.3105539381504059,3635,0.3105539381504059,-2,0.02,True,3635,-2,0.02
VUOS.HE_20250214122559_HH_EV,VUOS,2571,1,2560,0.3941580355167389,2560,0.3941580355167389,11,0.11,True,2560,11,0.11
TVF.HE_20250108104252_HH_EV,TVF,3548,1,3615,0.1521543264389038,3615,0.1521543264389038,-67,0.67,False,,,
FIA0.HE_20250123111528_HH_EV,FIA0,3578,1,3603,0.10543537139892578,3603,0.10543537139892578,-25,0.25,True,,,
KEF.HE_20250224114555_HH_EV,KEF,4475,1,4396,0.2515482008457184,4396,0.2515482008457184,79,0.79,False,4396,,
KLF.FN_20250203130747_HH_EV,KLF,4640,1,4720,0.1873645782470703,4720,0.1873645782470703,-80,0.8,False,,,
KLF.FN_20250120230521_HH_EV,KLF,4681,1,4194,0.1109817624092102,4194,0.1109817624092102,487,4.87,False,,,
KEF.HE_20250225101021_HH_EV,KEF,5452,1,5408,0.1156381368637085,5408,0.1156381368637085,44,0.44,True,,,
RMF.HE_20250227121059_HH_EV,RMF,4427,1,4386,0.16853806376457214,4386,0.16853806376457214,41,0.41,True,,,
KPF.HE_20250220093309_HH_EV,KPF,1796,1,1998,0.1639229953289032,1998,0.1639229953289032,-202,2.02,False,,,
KPF.HE_20250122111111_HH_EV,KPF,3739,1,3737,0.3092668354511261,3737,0.3092668354511261,2,0.02,True,3737,2,0.02
HEL1.HE_20250114135955_HH_EV,HEL1,2734,1,2724,0.49465513229370117,2724,0.49465513229370117,10,0.1,True,2724,10,0.1
KEV.HE_20250216044106_HH_EV,KEV,3689,1,3675,0.2625647783279419,3675,0.2625647783279419,14,0.14,True,3675,,
RUF.HE_20250213123534_HH_EV,RUF,3651,1,3828,0.13438153266906738,3828,0.13438153266906738,-177,1.77,False,,,
MEF.HE_20250128152959_HH_EV,MEF,5181,1,5208,0.4945489168167114,5208,0.4945489168167114,-27,0.27,True,5208,-27,0.27
RAJF.FN_20250215201728_HH_EV,RAJF,4395,2,4276,0.1402839720249176,4276,0.1402839720249176,119,1.19,False,,,
OLKF.FN_20250224114635_HH_EV,OLKF,5121,1,5176,0.18000540137290955,5176,0.18000540137290955,-55,0.55,False,,,
KPF.HE_20250130143033_HH_EV,KPF,4322,1,4465,0.16295307874679565,4465,0.16295307874679565,-143,1.43,False,,,
MEF.HE_20250224154155_HH_EV,MEF,3006,1,3002,0.494680792093277,3002,0.494680792093277,4,0.04,True,3002,4,0.04
KEF.HE_20250220121351_HH_EV,KEF,3909,1,3896,0.28069719672203064,3896,0.28069719672203064,13,0.13,True,3896,13,0.13
KEF.HE_20250129131421_HH_EV,KEF,3984,1,4059,0.14523372054100037,4059,0.14523372054100037,-75,0.75,False,,,
FIA0.HE_20250116115006_HH_EV,FIA0,3694,1,3766,0.18983721733093262,3766,0.18983721733093262,-72,0.72,False,,,
KEF.HE_20250114112559_HH_EV,KEF,4256,1,4291,0.21945932507514954,4291,0.21945932507514954,-35,0.35,True,4291,,
OBF3.HE_20250122142437_HH_EV,OBF3,3434,1,3377,0.2375892996788025,3377,0.2375892996788025,57,0.57,False,3377,,
VUOS.HE_20250226152954_HH_EV,VUOS,1905,1,1856,0.22897538542747498,1856,0.22897538542747498,49,0.49,True,,,
HEF.HE_20250124104820_HH_EV,HEF,3460,1,3564,0.19150510430335999,3564,0.19150510430335999,-104,1.04,False,,,
FIA1.HE_20250122122759_HH_EV,FIA1,3060,1,3146,0.1978694498538971,3146,0.1978694498538971,-86,0.86,False,,,
HEF.HE_20250108121001_HH_EV,HEF,4412,1,4465,0.10760143399238586,4465,0.10760143399238586,-53,0.53,False,,,
RAJF.FN_20250122045302_HH_EV,RAJF,3827,1,3950,0.1343505084514618,3950,0.1343505084514618,-123,1.23,False,,,
KEF.HE_20250221162614_HH_EV,KEF,3143,1,3121,0.20006442070007324,3121,0.20006442070007324,22,0.22,True,,,
OUL.FN_20250104131544_HH_EV,OUL,4458,1,4456,0.1388172209262848,4456,0.1388172209262848,2,0.02,True,,,
RANF.FN_20250114112634_HH_EV,RANF,4253,0,4409,0.09534716606140137,,,,,False,,,
TOF.HE_20250219124452_HH_EV,TOF,4312,1,4294,0.1875360906124115,4294,0.1875360906124115,18,0.18,True,,,
KAF.HE_20250114112555_HH_EV,KAF,3751,1,3430,0.22610598802566528,3430,0.22610598802566528,321,3.21,False,3430,,
VRF.HE_20250128201310_HH_EV,VRF,4462,0,4451,0.09980374574661255,,,,,False,,,
TOF.HE_20250116120544_HH_EV,TOF,4706,1,4660,0.141169935464859,4660,0.141169935464859,46,0.46,True,,,
OBF0.HE_20250102115057_HH_EV,OBF0,4472,1,4490,0.4941636919975281,4490,0.4941636919975281,-18,0.18,True,4490,-18,0.18
VRF.HE_20250228124326_HH_EV,VRF,5496,0,4677,0.06577393412590027,,,,,False,,,
VAF.HE_20250116115021_HH_EV,VAF,4095,1,4064,0.2094709575176239,4064,0.2094709575176239,31,0.31,True,,,
VJF.HE_20250204113422_HH_EV,VJF,2092,1,2100,0.36064863204956055,2100,0.36064863204956055,-8,0.08,True,2100,-8,0.08
LAUT.HE_20250226125956_HH_EV,LAUT,4210,1,4214,0.494680792093277,4214,0.494680792093277,-4,0.04,True,4214,-4,0.04
OBF3.HE_20250219134122_HH_EV,OBF3,2680,1,2753,0.2151966094970703,2753,0.2151966094970703,-73,0.73,False,,,
SUF.HE_20250206105914_HH_EV,SUF,5049,1,5078,0.19844278693199158,5078,0.19844278693199158,-29,0.29,True,,,
KEV.HE_20250217200548_HH_EV,KEV,4933,1,4896,0.19708359241485596,4896,0.19708359241485596,37,0.37,True,,,
OBF3.HE_20250220150705_HH_EV,OBF3,5454,1,5424,0.24070382118225098,5424,0.24070382118225098,30,0.3,True,5424,,
OUL.FN_20250131091909_HH_EV,OUL,3458,1,3484,0.20039284229278564,3484,0.20039284229278564,-26,0.26,True,,,
HEL5.HE_20250226124016_HH_EV,HEL5,3492,1,3500,0.21600741147994995,3500,0.21600741147994995,-8,0.08,True,3500,-8,0.08
TVF.HE_20250103120404_HH_EV,TVF,2059,1,2036,0.29474878311157227,2036,0.29474878311157227,23,0.23,True,2036,,
VJF.HE_20250130143812_HH_EV,VJF,3470,1,3811,0.13001897931098938,3811,0.13001897931098938,-341,3.41,False,,,
KEV.HE_20250222200935_HH_EV,KEV,4575,1,4563,0.23205998539924622,4563,0.23205998539924622,12,0.12,True,4563,12,0.12
KEV.HE_20250223160041_HH_EV,KEV,5206,1,5204,0.269285649061203,5204,0.269285649061203,2,0.02,True,5204,2,0.02
VAF.HE_20250110115206_HH_EV,VAF,4167,1,4207,0.22123977541923523,4207,0.22123977541923523,-40,0.4,True,,,
KU6.HE_20250218202503_HH_EV,KU6,5437,1,5437,0.16805365681648254,5437,0.16805365681648254,0,0.0,True,,,
HEF.HE_20250225235508_HH_EV,HEF,5040,1,5043,0.1671849489212036,5043,0.1671849489212036,-3,0.03,True,,,
SUF.HE_20250122083132_HH_EV,SUF,4802,1,4632,0.13095995783805847,4632,0.13095995783805847,170,1.7,False,,,
FIA0.HE_20250114113734_HH_EV,FIA0,4884,1,4922,0.13744986057281494,4922,0.13744986057281494,-38,0.38,True,,,
KEV.HE_20250205120014_HH_EV,KEV,4764,1,4759,0.12123143672943115,4759,0.12123143672943115,5,0.05,True,,,
KEF.HE_20250128102522_HH_EV,KEF,3457,1,3633,0.1518174707889557,3633,0.1518174707889557,-176,1.76,False,,,
OBF8.HE_20250206115542_HH_EV,OBF8,2864,1,3024,0.24430352449417114,3024,0.24430352449417114,-160,1.6,False,3024,,
KU6.HE_20250228131550_HH_EV,KU6,4766,0,4916,0.08341512084007263,,,,,False,,,
AAL.UP_20250211142644_HH_EV,AAL,3568,1,3620,0.31476765871047974,3620,0.31476765871047974,-52,0.52,False,3620,,
TOF.HE_20250221131943_HH_EV,TOF,5116,0,5239,0.06132417917251587,,,,,False,,,
RANF.FN_20250130130325_HH_EV,RANF,4675,1,4724,0.18745970726013184,4724,0.18745970726013184,-49,0.49,True,,,
RAF.HE_20250225120118_HH_EV,RAF,5473,1,5523,0.14883124828338623,5523,0.14883124828338623,-50,0.5,True,,,
FIA1.HE_20250116091904_HH_EV,FIA1,5045,1,5190,0.14497748017311096,5190,0.14497748017311096,-145,1.45,False,,,
KPF.HE_20250116114227_HH_EV,KPF,4638,1,4622,0.1888892650604248,4622,0.1888892650604248,16,0.16,True,,,
KEV.HE_20250105003214_HH_EV,KEV,5482,1,5495,0.188879132270813,5495,0.188879132270813,-13,0.13,True,,,
HEL5.HE_20250127142550_HH_EV,HEL5,2465,1,2485,0.42411863803863525,2485,0.42411863803863525,-20,0.2,True,2485,-20,0.2
FIA0.HE_20250227135710_HH_EV,FIA0,1668,1,1712,0.27223867177963257,1712,0.27223867177963257,-44,0.44,True,1712,,
HEL1.HE_20250227154139_HH_EV,HEL1,4304,1,4380,0.4640222191810608,4380,0.4640222191810608,-76,0.76,False,4380,,
RAJF.FN_20250221200522_HH_EV,RAJF,4007,1,4003,0.14336371421813965,4003,0.14336371421813965,4,0.04,True,,,
VRF.HE_20250223200917_HH_EV,VRF,2647,1,2678,0.1267700493335724,2678,0.1267700493335724,-31,0.31,True,,,
MSF.FN_20250227120445_HH_EV,MSF,4775,1,4801,0.18213006854057312,4801,0.18213006854057312,-26,0.26,True,,,
OLKF.FN_20250222210155_HH_EV,OLKF,4172,1,4201,0.1551702618598938,4201,0.1551702618598938,-29,0.29,True,,,
RNF.FN_20250131081749_HH_EV,RNF,3155,1,3197,0.1898317039012909,3197,0.1898317039012909,-42,0.42,True,,,
FIA0.HE_20250127120728_HH_EV,FIA0,4472,1,4504,0.3343158960342407,4504,0.3343158960342407,-32,0.32,True,4504,,
RAJF.FN_20250214160024_HH_EV,RAJF,3404,1,3339,0.19922831654548645,3339,0.19922831654548645,65,0.65,False,3339,,
OUL.FN_20250128133606_HH_EV,OUL,4317,2,4246,0.14079317450523376,4246,0.14079317450523376,71,0.71,False,,,
VRF.HE_20250127120454_HH_EV,VRF,4056,1,4106,0.13670897483825684,4106,0.13670897483825684,-50,0.5,True,,,
LAUT.HE_20250224154158_HH_EV,LAUT,2821,1,2838,0.4945504069328308,2838,0.4945504069328308,-17,0.17,True,2838,-17,0.17
OUL.FN_20250225132029_HH_EV,OUL,1410,1,1452,0.17482393980026245,1452,0.17482393980026245,-42,0.42,True,,,
LAUT.HE_20250214115555_HH_EV,LAUT,4625,1,4682,0.16993173956871033,4682,0.16993173956871033,-57,0.57,False,,,
RUF.HE_20250109124822_HH_EV,RUF,4442,1,4409,0.12241208553314209,4409,0.12241208553314209,33,0.33,True,,,
VAF.HE_20250206114139_HH_EV,VAF,4667,1,4826,0.15006491541862488,4826,0.15006491541862488,-159,1.59,False,,,
VJF.HE_20250124092742_HH_EV,VJF,2937,1,2982,0.13494381308555603,2982,0.13494381308555603,-45,0.45,True,,,
HEF.HE_20250228134815_HH_EV,HEF,4599,1,4466,0.12072673439979553,4466,0.12072673439979553,133,1.33,False,,,
KU6.HE_20250223200542_HH_EV,KU6,4006,1,3995,0.18506228923797607,3995,0.18506228923797607,11,0.11,True,,,
FIA1.HE_20250116110650_HH_EV,FIA1,5035,1,5195,0.16925734281539917,5195,0.16925734281539917,-160,1.6,False,,,
NIF.HE_20250228113701_HH_EV,NIF,5096,1,5398,0.34354645013809204,5398,0.34354645013809204,-302,3.02,False,5398,,
VRF.HE_20250117123926_HH_EV,VRF,1138,1,1138,0.4272332489490509,1138,0.4272332489490509,0,0.0,True,1138,0,0.0
NUR.HE_20250203145936_HH_EV,NUR,3526,1,3513,0.21255579590797424,3513,0.21255579590797424,13,0.13,True,3513,,
RSUO.HE_20250203145924_HH_EV,RSUO,4146,1,4149,0.3389325439929962,4149,0.3389325439929962,-3,0.03,True,4149,-3,0.03
VUOS.HE_20250124085447_HH_EV,VUOS,3146,1,3160,0.494661420583725,3160,0.494661420583725,-14,0.14,True,3160,-14,0.14
HEL1.HE_20250205143119_HH_EV,HEL1,3554,1,3546,0.494680792093277,3546,0.494680792093277,8,0.08,True,3546,8,0.08
OBF0.HE_20250227091422_HH_EV,OBF0,3631,1,3601,0.22930410504341125,3601,0.22930410504341125,30,0.3,True,3601,,
OBF3.HE_20250224075844_HH_EV,OBF3,2363,1,2383,0.21849465370178223,2383,0.21849465370178223,-20,0.2,True,,,
ALAJF.HE_20250131132504_HH_EV,ALAJF,4100,1,4166,0.1592710316181183,4166,0.1592710316181183,-66,0.66,False,,,
NIF.HE_20250211121442_HH_EV,NIF,3048,1,3036,0.4090649485588074,3036,0.4090649485588074,12,0.12,True,3036,12,0.12
KEV.HE_20250117124003_HH_EV,KEV,3725,1,4049,0.259696900844574,4049,0.259696900844574,-324,3.24,False,4049,,
KAF.HE_20250131125709_HH_EV,KAF,4655,1,4726,0.21633288264274597,4726,0.21633288264274597,-71,0.71,False,4726,,
TOF.HE_20250226124817_HH_EV,TOF,4625,2,4624,0.10276997089385986,4624,0.10276997089385986,1,0.01,True,,,
FIA1.HE_20250124092741_HH_EV,FIA1,4817,1,4853,0.11029961705207825,4853,0.11029961705207825,-36,0.36,True,,,
RUF.HE_20250124113836_HH_EV,RUF,3783,1,3753,0.313152015209198,3753,0.313152015209198,30,0.3,True,3753,,
RUF.HE_20250224114559_HH_EV,RUF,4418,1,4417,0.30539634823799133,4417,0.30539634823799133,1,0.01,True,4417,1,0.01
OUF.HE_20250129121217_HH_EV,OUF,5432,0,5999,0.07358431816101074,,,,,False,,,
TVF.HE_20250225101757_HH_EV,TVF,2705,1,2806,0.1454778015613556,2806,0.1454778015613556,-101,1.01,False,,,
LAUT.HE_20250210100432_HH_EV,LAUT,2210,1,2190,0.494680792093277,2190,0.494680792093277,20,0.2,True,2190,20,0.2
NUR.HE_20250122142829_HH_EV,NUR,2240,2,2823,0.1417194902896881,2311,0.10336163640022278,-71,0.71,False,,,
LAUT.HE_20250115110952_HH_EV,LAUT,4694,1,4709,0.48463156819343567,4709,0.48463156819343567,-15,0.15,True,4709,-15,0.15
FIA1.HE_20250220093308_HH_EV,FIA1,2184,1,2224,0.1634627878665924,2224,0.1634627878665924,-40,0.4,True,,,
KU6.HE_20250214160104_HH_EV,KU6,4958,0,5999,0.10025304555892944,,,,,False,,,
RSUO.HE_20250212151343_HH_EV,RSUO,4011,1,3999,0.43907132744789124,3999,0.43907132744789124,12,0.12,True,3999,12,0.12
VUOS.HE_20250207114048_HH_EV,VUOS,3635,1,3650,0.48263296484947205,3650,0.48263296484947205,-15,0.15,True,3650,-15,0.15
MSF.FN_20250207094440_HH_EV,MSF,4681,1,4669,0.12822696566581726,4669,0.12822696566581726,12,0.12,True,,,
KU6.HE_20250225043206_HH_EV,KU6,5363,1,5420,0.18099242448806763,5420,0.18099242448806763,-57,0.57,False,,,
RANF.FN_20250206114145_HH_EV,RANF,5495,1,5683,0.15915745496749878,5683,0.15915745496749878,-188,1.88,False,,,
FIA0.HE_20250110132940_HH_EV,FIA0,3891,2,3892,0.13318562507629395,3892,0.13318562507629395,-1,0.01,True,,,
VRF.HE_20250127200950_HH_EV,VRF,2938,1,2930,0.2400715947151184,2930,0.2400715947151184,8,0.08,True,2930,8,0.08
KAF.HE_20250129102620_HH_EV,KAF,3950,1,3966,0.22028085589408875,3966,0.22028085589408875,-16,0.16,True,3966,-16,0.16
RAF.HE_20250110102520_HH_EV,RAF,4621,1,4526,0.12280696630477905,4526,0.12280696630477905,95,0.95,False,,,
OLKF.FN_20250128200702_HH_EV,OLKF,4701,1,4719,0.2934328317642212,4719,0.2934328317642212,-18,0.18,True,4719,-18,0.18
RANF.FN_20250220235701_HH_EV,RANF,5349,1,5390,0.13581719994544983,5390,0.13581719994544983,-41,0.41,True,,,
OLKF.FN_20250110115221_HH_EV,OLKF,5430,1,5326,0.16381150484085083,5326,0.16381150484085083,104,1.04,False,,,
MEF.HE_20250206105909_HH_EV,MEF,2510,1,2450,0.2719273567199707,2450,0.2719273567199707,60,0.6,False,2450,,
HEL1.HE_20250226130024_HH_EV,HEL1,1448,1,1392,0.4866067171096802,1392,0.4866067171096802,56,0.56,False,1392,,
RAJF.FN_20250131190408_HH_EV,RAJF,5237,1,5201,0.16011828184127808,5201,0.16011828184127808,36,0.36,True,,,
OUF.HE_20250129101633_HH_EV,OUF,3993,1,3948,0.11615806818008423,3948,0.11615806818008423,45,0.45,True,,,
NUR.HE_20250122131038_HH_EV,NUR,1424,1,1412,0.48432305455207825,1412,0.48432305455207825,12,0.12,True,1412,12,0.12
RAJF.FN_20250221201512_HH_EV,RAJF,4747,2,4627,0.11020055413246155,4627,0.11020055413246155,120,1.2,False,,,
RNF.FN_20250207065824_HH_EV,RNF,3606,1,3569,0.14419177174568176,3569,0.14419177174568176,37,0.37,True,,,
SUF.HE_20250116113738_HH_EV,SUF,5402,1,5370,0.18589726090431213,5370,0.18589726090431213,32,0.32,True,,,
VUOS.HE_20250219113019_HH_EV,VUOS,4255,1,4158,0.12932956218719482,4158,0.12932956218719482,97,0.97,False,,,
RAF.HE_20250227105726_HH_EV,RAF,2961,1,2963,0.19100359082221985,2963,0.19100359082221985,-2,0.02,True,2963,-2,0.02
MSF.FN_20250214131806_HH_EV,MSF,3977,1,3971,0.24328631162643433,3971,0.24328631162643433,6,0.06,True,3971,6,0.06
HEL5.HE_20250227085951_HH_EV,HEL5,2400,1,2367,0.44721946120262146,2367,0.44721946120262146,33,0.33,True,2367,,
AAL.UP_20250129150037_HH_EV,AAL,5214,1,5218,0.18377918004989624,5218,0.18377918004989624,-4,0.04,True,,,
HEL1.HE_20250213112928_HH_EV,HEL1,4721,1,4688,0.4653666317462921,4688,0.4653666317462921,33,0.33,True,4688,,
LAUT.HE_20250204085918_HH_EV,LAUT,3429,1,3414,0.494680792093277,3414,0.494680792093277,15,0.15,True,3414,15,0.15
VAF.HE_20250120113723_HH_EV,VAF,4408,1,4427,0.206239253282547,4427,0.206239253282547,-19,0.19,True,,,
KLF.FN_20250216044015_HH_EV,KLF,5497,1,5590,0.24028342962265015,5590,0.24028342962265015,-93,0.93,False,5590,,
KAF.HE_20250113121104_HH_EV,KAF,5268,1,5316,0.275964617729187,5316,0.275964617729187,-48,0.48,True,5316,,
RANF.FN_20250216194923_HH_EV,RANF,3507,1,3519,0.2900218963623047,3519,0.2900218963623047,-12,0.12,True,3519,-12,0.12
RUF.HE_20250115130018_HH_EV,RUF,3736,1,3792,0.14404642581939697,3792,0.14404642581939697,-56,0.56,False,,,
TVF.HE_20250115134544_HH_EV,TVF,4878,1,4886,0.31744468212127686,4886,0.31744468212127686,-8,0.08,True,4886,-8,0.08
MSF.FN_20250104201819_HH_EV,MSF,5214,1,5082,0.14443856477737427,5082,0.14443856477737427,132,1.32,False,,,
KEV.HE_20250203103712_HH_EV,KEV,5220,1,5221,0.21478912234306335,5221,0.21478912234306335,-1,0.01,True,,,
NUR.HE_20250224154207_HH_EV,NUR,2572,1,2580,0.4929502606391907,2580,0.4929502606391907,-8,0.08,True,2580,-8,0.08
OUF.HE_20250218080356_HH_EV,OUF,5140,1,5162,0.2748924493789673,5162,0.2748924493789673,-22,0.22,True,5162,,
VUOS.HE_20250115121527_HH_EV,VUOS,3216,1,3865,0.11708647012710571,3865,0.11708647012710571,-649,6.49,False,,,
KEV.HE_20250222103502_HH_EV,KEV,4111,0,4005,0.08846667408943176,,,,,False,,,
KEF.HE_20250124114129_HH_EV,KEF,4298,1,4230,0.1930379569530487,4230,0.1930379569530487,68,0.68,False,,,
FIA0.HE_20250115110955_HH_EV,FIA0,5384,1,5559,0.15151292085647583,5559,0.15151292085647583,-175,1.75,False,,,
KUNI.HE_20250213105508_HH_EV,KUNI,2293,1,2268,0.31432390213012695,2268,0.31432390213012695,25,0.25,True,2268,25,0.25
MEF.HE_20250220152940_HH_EV,MEF,1825,1,1808,0.494680792093277,1808,0.494680792093277,17,0.17,True,1808,17,0.17
HEL1.HE_20250107125710_HH_EV,HEL1,4815,1,4875,0.4920709431171417,4875,0.4920709431171417,-60,0.6,False,4875,,
LAUT.HE_20250224120948_HH_EV,LAUT,3335,1,3314,0.49315959215164185,3314,0.49315959215164185,21,0.21,True,3314,21,0.21
RAJF.FN_20250108164343_HH_EV,RAJF,5352,0,5489,0.07355824112892151,,,,,False,,,
FIA0.HE_20250122122751_HH_EV,FIA0,3852,1,3897,0.17100128531455994,3897,0.17100128531455994,-45,0.45,True,,,
VRF.HE_20250202103802_HH_EV,VRF,3187,1,3214,0.10489135980606079,3214,0.10489135980606079,-27,0.27,True,,,
OLKF.FN_20250203193746_HH_EV,OLKF,3662,0,3676,0.0840333104133606,,,,,False,,,
RAF.HE_20250226121426_HH_EV,RAF,3512,1,3313,0.1416991651058197,3313,0.1416991651058197,199,1.99,False,,,
RANF.FN_20250128121001_HH_EV,RANF,5041,1,5065,0.15272778272628784,5065,0.15272778272628784,-24,0.24,True,,,
RUF.HE_20250208232040_HH_EV,RUF,4789,0,4929,0.07777345180511475,,,,,False,,,
OBF3.HE_20250124113840_HH_EV,OBF3,4449,1,4460,0.22807717323303223,4460,0.22807717323303223,-11,0.11,True,4460,,
MEF.HE_20250131125608_HH_EV,MEF,4655,1,4666,0.49462708830833435,4666,0.49462708830833435,-11,0.11,True,4666,-11,0.11
OUF.HE_20250123113328_HH_EV,OUF,4402,1,4385,0.18264445662498474,4385,0.18264445662498474,17,0.17,True,,,
RAJF.FN_20250204160220_HH_EV,RAJF,3909,1,3904,0.17892229557037354,3904,0.17892229557037354,5,0.05,True,,,
KPF.HE_20250110120355_HH_EV,KPF,2902,1,2936,0.18211132287979126,2936,0.18211132287979126,-34,0.34,True,,,
LAUT.HE_20250220091359_HH_EV,LAUT,4771,1,4766,0.494680792093277,4766,0.494680792093277,5,0.05,True,4766,5,0.05
KUNI.HE_20250219142645_HH_EV,KUNI,4733,1,4736,0.49463751912117004,4736,0.49463751912117004,-3,0.03,True,4736,-3,0.03
RANF.FN_20250220150726_HH_EV,RANF,4641,1,4707,0.2233157455921173,4707,0.2233157455921173,-66,0.66,False,4707,,
KU6.HE_20250219004023_HH_EV,KU6,4896,1,4849,0.1454123556613922,4849,0.1454123556613922,47,0.47,True,,,
SUF.HE_20250214094703_HH_EV,SUF,1625,1,1652,0.1755526065826416,1652,0.1755526065826416,-27,0.27,True,,,
MSF.FN_20250108120153_HH_EV,MSF,4654,1,4653,0.257315456867218,4653,0.257315456867218,1,0.01,True,4653,1,0.01
TOF.HE_20250220150713_HH_EV,TOF,3034,1,3003,0.1560651659965515,3003,0.1560651659965515,31,0.31,True,,,
VUOS.HE_20250227105634_HH_EV,VUOS,5036,3,5017,0.1704014241695404,5017,0.1704014241695404,19,0.19,True,,,
KIF.HE_20250202230729_HH_EV,KIF,4945,1,4944,0.25320717692375183,4944,0.25320717692375183,1,0.01,True,4944,1,0.01
RAJF.FN_20250204120537_HH_EV,RAJF,4405,1,4405,0.14289933443069458,4405,0.14289933443069458,0,0.0,True,,,
KU6.HE_20250131091843_HH_EV,KU6,4176,0,4197,0.09629455208778381,,,,,False,,,
JOF.HE_20250219110248_HH_EV,JOF,4796,1,4845,0.10463792085647583,4845,0.10463792085647583,-49,0.49,True,,,
OBF3.HE_20250103123028_HH_EV,OBF3,2860,1,2905,0.18959444761276245,2905,0.18959444761276245,-45,0.45,True,,,
NUR.HE_20250115121526_HH_EV,NUR,3137,0,3477,0.0841107964515686,,,,,False,,,
HEF.HE_20250108164405_HH_EV,HEF,1727,0,1840,0.062077075242996216,,,,,False,,,
RANF.FN_20250113110103_HH_EV,RANF,4617,1,4622,0.20016294717788696,4622,0.20016294717788696,-5,0.05,True,,,
TVF.HE_20250213105534_HH_EV,TVF,2005,1,2029,0.2097730040550232,2029,0.2097730040550232,-24,0.24,True,,,
KAF.HE_20250225120217_HH_EV,KAF,2457,0,2669,0.07784593105316162,,,,,False,,,
KEF.HE_20250207121738_HH_EV,KEF,3629,1,3613,0.23753666877746582,3613,0.23753666877746582,16,0.16,True,,,
HEF.HE_20250217152617_HH_EV,HEF,4379,1,4368,0.20939481258392334,4368,0.20939481258392334,11,0.11,True,,,
OLKF.FN_20250217121415_HH_EV,OLKF,5144,1,5130,0.23429852724075317,5130,0.23429852724075317,14,0.14,True,5130,14,0.14
VAF.HE_20250113080136_HH_EV,VAF,5342,1,5326,0.1773446798324585,5326,0.1773446798324585,16,0.16,True,,,
NIF.HE_20250206123739_HH_EV,NIF,2656,1,2637,0.19716700911521912,2637,0.19716700911521912,19,0.19,True,,,
TOF.HE_20250120115257_HH_EV,TOF,5459,2,5523,0.10685783624649048,5501,0.10454419255256653,-42,0.42,True,,,
KU6.HE_20250124104814_HH_EV,KU6,3416,1,3486,0.16927140951156616,3486,0.16927140951156616,-70,0.7,False,,,
KAF.HE_20250221150507_HH_EV,KAF,3258,0,3350,0.07083249092102051,,,,,False,,,
KUNI.HE_20250219135504_HH_EV,KUNI,3587,1,3584,0.49460217356681824,3584,0.49460217356681824,3,0.03,True,3584,3,0.03
VJF.HE_20250225100949_HH_EV,VJF,5295,1,4882,0.18164676427841187,4882,0.18164676427841187,413,4.13,False,,,
FIA1.HE_20250108094928_HH_EV,FIA1,3661,1,3706,0.15736129879951477,3706,0.15736129879951477,-45,0.45,True,,,
OUL.FN_20250212113645_HH_EV,OUL,2937,1,3006,0.2706071436405182,3006,0.2706071436405182,-69,0.69,False,3006,,
KU6.HE_20250117123929_HH_EV,KU6,4526,1,4534,0.19954577088356018,4534,0.19954577088356018,-8,0.08,True,,,
FIA0.HE_20250128123334_HH_EV,FIA0,3627,1,3753,0.22225487232208252,3753,0.22225487232208252,-126,1.26,False,,,
HEL1.HE_20250131125622_HH_EV,HEL1,3534,1,3529,0.4541880488395691,3529,0.4541880488395691,5,0.05,True,3529,5,0.05
OBF0.HE_20250108120200_HH_EV,OBF0,3615,1,3593,0.2215879261493683,3593,0.2215879261493683,22,0.22,True,3593,,
MSF.FN_20250204040534_HH_EV,MSF,4845,1,4893,0.21062475442886353,4893,0.21062475442886353,-48,0.48,True,,,
VJF.HE_20250221113639_HH_EV,VJF,5182,1,5182,0.14487287402153015,5182,0.14487287402153015,0,0.0,True,,,
OLKF.FN_20250202200521_HH_EV,OLKF,5057,1,5143,0.14928272366523743,5143,0.14928272366523743,-86,0.86,False,,,
KPF.HE_20250120103157_HH_EV,KPF,5099,1,5326,0.10220661759376526,5326,0.10220661759376526,-227,2.27,False,,,
KEV.HE_20250218202535_HH_EV,KEV,5188,0,5999,0.07892337441444397,,,,,False,,,
TOF.HE_20250218002344_HH_EV,TOF,4392,1,4362,0.184251070022583,4362,0.184251070022583,30,0.3,True,,,
KU6.HE_20250222210203_HH_EV,KU6,3529,1,3565,0.18156000971794128,3565,0.18156000971794128,-36,0.36,True,,,
VRF.HE_20250105200510_HH_EV,VRF,4518,1,4677,0.1271854043006897,4677,0.1271854043006897,-159,1.59,False,,,
SUF.HE_20250227123632_HH_EV,SUF,4115,2,4150,0.20676299929618835,4093,0.12337613105773926,22,0.22,True,,,
KPF.HE_20250206133310_HH_EV,KPF,4555,1,4691,0.1508239507675171,4691,0.1508239507675171,-136,1.36,False,,,
RAJF.FN_20250217120525_HH_EV,RAJF,4866,1,4752,0.10069593787193298,4752,0.10069593787193298,114,1.14,False,,,
RAF.HE_20250128105334_HH_EV,RAF,3739,1,3891,0.2665194869041443,3891,0.2665194869041443,-152,1.52,False,3891,,
